MSE,MAE,R2
9.645943708993025,2.5483956440756628,-0.0001016820532602214
9.157956277213785,2.476032719444933,0.05049337282854116
8.598004731000465,2.3800087790881785,0.10854974347832669
